book,date
Pathfinder Player Core, 2023-11-15
Eyes of Empty Death,2021-04-07
Pathfinder Abomination Vaults Hardcover Compilation,2021-04-07
Hands of the Devil,2021-02-24
Ruins of Gauntlight,2021-01-27
Against the Scarlet Triad,2019-11-26
Tomorrow Must Burn,2019-10-01
Hellknight Hill,2019-08-01
Fires of the Haunted City,2019-10-29
Broken Promises,2019-12-24
Cult of Cinders,2019-09-10
Belly of the Black Whale,2020-11-11
Ruins of the Radiant Siege,2020-12-09
All or Nothing,2020-09-16
Devil at the Dreaming Palace,2020-07-30
Assault on Hunting Lodge Seven,2020-10-14
Sixty Feet Under,2020-08-26
The Ghouls Hunger,2022-10-26
Graveclaw,2022-08-24
Ghost King's Rage,2022-12-31
Field of Maidens,2022-08-21
Zombie Feast,2022-07-27
A Taste of Ashes,2022-11-30
Pathfinder Book of the Dead,2022-04-27
Crown of the Kobold King,2022-10-26
Lord of the Black Sands,2020-05-27
Life's Long Shadows,2020-04-07
The Show Must Go On,2020-02-11
Siege of the Dinosaurs,2020-05-02
The Apocalypse Prophet,2020-06-28
Legacy of the Lost God,2020-03-10
Ready? Fight!,2021-07-07
Despair on Danger Island,2021-07-07
King of the Mountain,2021-07-07
They Watched the Stars,2023-02-28
The Seventh Arch,2023-01-31
Pathfinder Bestiary 3,2021-04-07
Impossible Lands,2022-11-30
Pathfinder Kingmaker,2022-09-21
Malevolence,2021-07-07
Pathfinder Beginner Box,2020-11-11
Monsters of Myth,2021-12-22
The Mwangi Expanse,2021-07-07
Night of the Gray Death,2021-10-13
A Fistful of Flowers,2022-06-25
Little Trouble in Big Absalom,2020-07-25
Punks in a Powder Keg,2022-04-30
Cradle of Quartz,2022-05-31
The Smoking Gun,2022-06-29
Pathfinder Gamemastery Guide,2020-03-10
Pathfinder Bestiary 2,2020-06-16
Pathfinder Bestiary,2019-08-01
Pathfinder Core Rulebook,2019-08-01
Broken Tusk Moon,2022-01-31
Lost Mammoth Valley,2022-02-28
Burning Tundra,2022-03-31
Shadows at Sundown,2022-05-05
Kindled Magic,2021-08-04
Secrets of the Temple-City,2021-10-13
Spoken on the Song Wind,2021-08-01
Doorway to the Red Star,2021-11-10
Hurricane's Howl,2021-10-13
Shadows of the Ancients,2022-02-23
The Slithering,2020-07-30
Travel Guide,2022-08-13
Troubles in Otari,2020-12-09
Pathfinder #164: Hands of the Devil, 2021-01-24
Pathfinder #163: Ruins of Gauntlight, 2021-01-15
Pathfinder #165: Eyes of Empty Death, 2021-04-07
Pathfinder #148: Fires of the Haunted City, 2019-10-16
Pathfinder #150: Broken Promises, 2019-12-12
Pathfinder #145: Hellknight Hill, 2019-08-01
Pathfinder #149: Against the Scarlet Triad, 2019-11-13
Pathfinder #147: Tomorrow Must Burn, 2019-09-18
Pathfinder #146: Cult of Cinders, 2019-09-01
Pathfinder #162: Ruins of the Radiant Siege, 2020-13-15
Pathfinder #160: Assault on Hunting Lodge Seven, 2020-10-14
Pathfinder #157: Devil at the Dreaming Palace, 2020-07-30
Pathfinder #159: All or Nothing, 2020-09-15
Pathfinder #161: Belly of the Black Whale, 2020-11-15
Pathfinder #158: Sixty Feet Under, 2020-08-16
Pathfinder #183: Field of Maidens, 2022-09-21
Pathfinder #185: A Taste of Ashes, 2022-11-16
Pathfinder #184: The Ghouls Hunger, 2022-10-26
Pathfinder #182: Graveclaw, 2022-08-31
Pathfinder #181: Zombie Feast, 2022-07-27
Pathfinder #186: Ghost King's Rage, 2022-12-14
Pathfinder Adventure: Crown of the Kobold King, 2022-10-26
Pathfinder #151: The Show Must Go On, 2020-01-30
Pathfinder #152: Legacy of the Lost God, 2020-02-26
Pathfinder #155: Lord of the Black Sands, 2020-05-27
Pathfinder #154: Siege of the Dinosaurs, 2020-04-29
Pathfinder #156: The Apocalypse Prophet, 2020-06-24
Pathfinder #153: Life's Long Shadows, 2020-03-26
Pathfinder Adventure: The Fall of Plaguestone, 2019-08-1
Pathfinder #168: King of the Mountain, 2021-07-07
Pathfinder #166: Despair on Danger Island, 2021-07-07
Pathfinder #167: Ready? Fight!, 2021-07-07
Pathfinder #188: They Watched the Stars, 2023-02-22
Pathfinder #189: Dreamers of the Nameless Spires, 2023-03-29
Pathfinder #187: The Seventh Arch, 2023-01-25
Pathfinder Lost Omens: Impossible Lands, 2022-11-29
Pathfinder Adventure: Malevolence, 2021-07-07
Pathfinder Lost Omens: Monsters of Myth, 2021-12-22
Pathfinder Lost Omens: The Mwangi Expanse, 2023-02-22
Pathfinder Adventure: Night of the Gray Death, 2021-10-13
"Pathfinder Lost Omens: Absalom, City of Lost Omens", 2022-01-18
Pathfinder Lost Omens: Character Guide, 2019-10-29
Pathfinder Lost Omens: The Grand Bazaar, 2021-10-26
Pathfinder One-Shot #2: Dinner at Lionlodge, 2021-05-30
Pathfinder Adventure: A Few Flowers More, 2023-06-24
Pathfinder Adventure: A Fistful of Flowers, 2022-06-25
Pathfinder One-Shot #4: Mark of the Mantis, 2022-02-23
Pathfinder One-Shot #1: Sundered Waves, 2021-03-06
Pathfinder Adventure: Little Trouble in Big Absalom, 2020-07-25
Pathfinder #179: Cradle of Quartz, 2022-05-25
Pathfinder #180: The Smoking Gun, 2022-06-29
Pathfinder #178: Punks in a Powder Keg, 2022-04-27
Pathfinder Dark Archive, 2022-07-27
Pathfinder Bounty #9: Fishing in Anthusis, 2021-04-28
Pathfinder Bounty #5: Witch's Winter Holiday, 2020-12-16
Pathfinder Bounty #10: Hillcross Roundup, 2021-05-28
Pathfinder Bounty #3: Shadows and Scarecrows, 2020-10-29
Pathfinder Bounty #1: The Whitefang Wyrm, 2020-04-26
Pathfinder Bounty #17: Sodden Stories, 2021-12-15
Pathfinder Bounty #16: Boom Town Betrayal, 2021-11-17
Pathfinder Bounty #14: The Blackwood Truce, 2021-09-29
Pathfinder Bounty #20: Burden in Bloodcove, 2022-08-31
Pathfinder Bounty #18: From Family Lost, 2022-02-23
Pathfinder Bounty #15: Treasure off the Coast, 2021-10-24
Pathfinder Bounty #21: Against the Unliving, 2022-12-14
Pathfinder #175: Broken Tusk Moon, 2022-01-26
Pathfinder #177: Burning Tundra, 2022-03-30
Pathfinder #176: Lost Mammoth Valley, 2022-02-23
Pathfinder Adventure: Shadows at Sundown, 2022-05-25
Pathfinder #171: Hurricane's Howl, 2021-10-13
Pathfinder #174: Shadows of the Ancients, 2022-03-30
Pathfinder #169: Kindled Magic, 2021-08-05
Pathfinder #173: Doorway to the Red Star, 2021-11-10
Pathfinder #172: Secrets of the Temple-City, 2021-10-13
Pathfinder #170: Spoken on the Song Wind, 2021-09-01
Pathfinder Adventure: The Slithering, 2020-07-30
Pathfinder Lost Omens: Travel Guide, 2022-10-31
Pathfinder Adventure: Troubles in Otari, 2020-12-09
